{"cameraMode":{"drawMode":0,"name":"Shaded","section":"Shading Mode"},"sceneLighting":false,"audioPlay":false,"sceneViewState":{"showFog":false,"showMaterialUpdate":false,"showSkybox":false,"showFlares":false,"showImageEffects":false,"showParticleSystems":false},"in2DMode":false,"pivot":{"x":9.6630859375,"y":1.2633056640625,"z":0.82720947265625},"rotation":{"x":0.03119201585650444,"y":-0.6908062100410461,"z":-0.02985478565096855,"w":-0.7217496633529663},"size":23.74230194091797,"orthographic":false}